"id_sede","nombre_sede","ubicacion"
17,Sede Principal,Ciudad A
18,Sede kuyTG,Ciudad B
19,Sede Principal,Ciudad E
20,Sede Principal,Ciudad D
21,Sede qzDUcCVh,Ciudad B
22,Sede Principal,Ciudad B
23,Sede Principal,Ciudad B
24,Sede Principal,Ciudad C
25,Sede Principal,Ciudad E
26,Sede Principal,Ciudad D
27,Sede Principal,Ciudad A
28,Sede tslx,Ciudad C
29,Sede Principal,
30,Sede Principal,Ciudad D
31,Sede Principal,Ciudad B
32,Sede Principal,Ciudad C
33,Sede Principal,Ciudad E
34,Sede XJlxFEm,Ciudad D
35,Sede Principal,Ciudad C
36,Sede Principal,
37,Sede Principal,Ciudad A
38,Sede Principal,Ciudad A
39,Sede Principal,Ciudad E
40,Sede Principal,
41,Sede xDDKy,Ciudad A
42,Sede Principal,Ciudad E
43,Sede FaJwI,Ciudad A
44,Sede Principal,Ciudad C
45,Sede Principal,Ciudad D
46,Sede Principal,Ciudad C
47,Sede Principal,Ciudad E
48,Sede Principal,Ciudad C
49,Sede RmkRMkm,Ciudad A
50,Sede Weyaj,Ciudad D
51,Sede Principal,Ciudad D
52,Sede Principal,Ciudad C
53,Sede Principal,Ciudad A
54,Sede Principal,Ciudad A
55,Sede sKKNz vF,Ciudad B
56,Sede Mescrg,Ciudad B
57,Sede Principal,Ciudad A
58,Sede Principal,Ciudad A
59,Sede Principal,Ciudad D
60,Sede Principal,Ciudad E
61,Sede Principal,Ciudad B
62,Sede Principal,Ciudad D
63,Sede Principal,Ciudad E
64,Sede Principal,Ciudad A
65,Sede Principal,Ciudad E
66,Sede Principal,Ciudad E
67,Sede FEUo,Ciudad C
68,Sede Principal,
69,Sede Principal,Ciudad E
70,Sede qyvwPRjt,Ciudad E
71,Sede BcyHkhCOCE,Ciudad A
72,Sede Principal,Ciudad D
73,Sede Principal,Ciudad A
74,Sede Principal,Ciudad B
75,Sede Principal,Ciudad C
76,Sede Wpno,Ciudad D
77,Sede Principal,Ciudad B
78,Sede Principal,
79,Sede Principal,Ciudad C
80,Sede Principal,Ciudad A
81,Sede Principal,Ciudad A
82,Sede kDrWUEqPQR,Ciudad B
83,Sede Principal,Ciudad B
84,Sede Principal,Ciudad A
85,Sede Principal,Ciudad E
86,Sede Principal,Ciudad D
87,Sede qQHndmbIu,Ciudad C
88,Sede Principal,Ciudad B
89,Sede Principal,
90,Sede PYKlNkuZRK,Ciudad B
91,Sede Principal,Ciudad A
92,Sede Principal,Ciudad D
93,Sede Principal,Ciudad B
94,Sede Principal,Ciudad E
95,Sede Principal,Ciudad C
96,Sede Principal,Ciudad E
97,Sede Principal,Ciudad D
98,Sede Principal,
99,Sede Principal,Ciudad D
100,Sede Principal,Ciudad B
101,Sede Principal,Ciudad B
102,Sede Principal,Ciudad C
103,Sede Principal,Ciudad D
104,Sede Principal,Ciudad C
105,Sede HOUcmS,Ciudad E
106,Sede Principal,Ciudad A
107,Sede Principal,Ciudad C
108,Sede Principal,Ciudad D
109,Sede Principal,Ciudad C
110,Sede Principal,Ciudad E
111,Sede Principal,Ciudad D
112,Sede Principal,Ciudad B
113,Sede Principal,Ciudad E
114,Sede Principal,Ciudad E
115,Sede Principal,Ciudad A
116,Sede GLeWqaBaMH,
117,Sede YiPt,Ciudad D
118,Sede Principal,Ciudad E
119,Sede oR aNBQ,Ciudad C
120,Sede mZoljtAYml,Ciudad C
121,Sede Principal,Ciudad A
122,Sede Principal,Ciudad D
123,Sede kAxVjPNd,Ciudad B
124,Sede Hj S,Ciudad D
125,Sede iGQICKV,Ciudad D
126,Sede pe PLM,Ciudad C
127,Sede Principal,Ciudad C
128,Sede Principal,Ciudad A
129,Sede iOByvc,
130,Sede Principal,Ciudad E
131,Sede Principal,Ciudad D
132,Sede Principal,Ciudad D
133,Sede Principal,Ciudad B
134,Sede Principal,Ciudad D
135,Sede nRis,Ciudad B
136,Sede daFOjfpQ,Ciudad D
137,Sede Principal,
138,Sede Principal,Ciudad A
139,Sede dIcsMx,Ciudad B
140,Sede EIqB,Ciudad A
141,Sede Principal,Ciudad B
142,Sede XlKznfN,Ciudad E
143,Sede Principal,Ciudad E
144,Sede lueWCOe,Ciudad A
145,Sede Principal,Ciudad C
146,Sede Principal,Ciudad A
147,Sede Principal,Ciudad C
148,Sede EuhDwLaI,Ciudad C
149,Sede Principal,Ciudad E
150,Sede Principal,Ciudad C
151,Sede GiebCE,Ciudad B
152,Sede Principal,Ciudad C
153,Sede Principal,Ciudad D
154,Sede TuyCd,Ciudad D
155,Sede Principal,Ciudad B
156,Sede Principal,Ciudad D
157,Sede Principal,Ciudad A
158,Sede Principal,Ciudad A
159,Sede QIQncP,Ciudad D
160,Sede Principal,Ciudad D
161,Sede Principal,
162,Sede cwIVuoXQc,Ciudad D
163,Sede Principal,Ciudad C
164,Sede eJoJd,Ciudad D
165,Sede Principal,Ciudad B
166,Sede Principal,Ciudad B
167,Sede YOacbSaKn,Ciudad C
168,Sede Principal,Ciudad E
169,Sede Principal,Ciudad A
170,Sede Principal,Ciudad A
171,Sede tNyNrwONe,Ciudad A
172,Sede pdGFuBi,Ciudad A
173,Sede LszTz,Ciudad B
174,Sede Principal,Ciudad C
175,Sede Principal,Ciudad B
176,Sede Principal,Ciudad B
177,Sede uDmYf,Ciudad E
178,Sede jqYohbmYGe,Ciudad A
179,Sede Principal,Ciudad D
180,Sede Cbmjfgti,
181,Sede acUwJckL,Ciudad A
182,Sede Principal,Ciudad E
183,Sede Principal,Ciudad C
184,Sede EZAJhlkZIP,Ciudad D
185,Sede Principal,
186,Sede Principal,Ciudad B
187,Sede Principal,Ciudad A
188,Sede Principal,
189,Sede fJfs,Ciudad B
190,Sede SqsN,Ciudad C
191,Sede Principal,Ciudad E
192,Sede vTszzN,Ciudad B
193,Sede SMme,Ciudad B
194,Sede Principal,Ciudad C
195,Sede Principal,Ciudad B
196,Sede Principal,Ciudad C
197,Sede Principal,Ciudad E
198,Sede iGNTNZPhy,Ciudad D
199,Sede Principal,Ciudad C
200,Sede Principal,Ciudad A
201,Sede vpoKyu,Ciudad D
202,Sede Principal,Ciudad C
203,Sede HbIiEgW,Ciudad B
204,Sede Principal,Ciudad C
205,Sede Principal,Ciudad C
206,Sede Principal,Ciudad E
207,Sede Principal,Ciudad E
208,Sede Principal,
209,Sede Principal,Ciudad B
210,Sede qPqHExBEzR,
211,Sede QivNI,Ciudad B
212,Sede Principal,Ciudad B
213,Sede Principal,Ciudad E
214,Sede jkHbfVLv,Ciudad E
215,Sede Principal,Ciudad D
216,Sede Principal,Ciudad B
217,Sede Principal,Ciudad B
218,Sede Principal,Ciudad E
219,Sede kJYKWQKWa,Ciudad E
220,Sede doMXZ,Ciudad B
221,Sede oCYBpEFEu,Ciudad B
222,Sede Principal,Ciudad A
223,Sede Principal,Ciudad D
224,Sede Principal,Ciudad B
225,Sede Principal,Ciudad B
226,Sede Principal,Ciudad D
227,Sede jAzzsiEwH,Ciudad D
228,Sede Principal,Ciudad B
229,Sede Principal,Ciudad B
230,Sede Principal,
231,Sede Principal,Ciudad C
232,Sede Principal,Ciudad E
233,Sede Principal,Ciudad C
234,Sede Principal,Ciudad D
235,Sede ZvNBY  rz,Ciudad D
236,Sede Principal,Ciudad D
237,Sede Principal,Ciudad E
238,Sede ucqtlR,Ciudad D
239,Sede nzCALaay,Ciudad A
240,Sede Principal,Ciudad E
241,Sede Principal,Ciudad E
242,Sede CHSykqdReY,Ciudad D
243,Sede Principal,Ciudad B
244,Sede Principal,Ciudad E
245,Sede Principal,Ciudad C
246,Sede Principal,Ciudad E
247,Sede Principal,Ciudad A
248,Sede Principal,Ciudad D
249,Sede Principal,Ciudad D
250,Sede Principal,Ciudad B
251,Sede Principal,Ciudad C
252,Sede Principal,Ciudad D
253,Sede Principal,Ciudad C
254,Sede Principal,Ciudad D
255,Sede bxzblXrlyf,Ciudad C
256,Sede Principal,Ciudad D
257,Sede Principal,Ciudad B
258,Sede Principal,Ciudad B
259,Sede Principal,Ciudad B
260,Sede Principal,
261,Sede Principal,Ciudad D
262,Sede Principal,Ciudad D
263,Sede Principal,Ciudad C
264,Sede Principal,
265,Sede Principal,Ciudad A
266,Sede Principal,Ciudad E
267,Sede AStv,Ciudad E
268,Sede Principal,
269,Sede Principal,Ciudad B
270,Sede Principal,Ciudad A
271,Sede Principal,Ciudad A
272,Sede Principal,Ciudad D
273,Sede Principal,Ciudad E
274,Sede Principal,Ciudad D
275,Sede Principal,Ciudad E
276,Sede Principal,Ciudad E
277,Sede MzYOf,Ciudad E
278,Sede sJkFhCrqOJ,Ciudad D
279,Sede Principal,Ciudad A
280,Sede QhhnS,Ciudad A
281,Sede wTKLTsrSg,
282,Sede NEwCeHHq,Ciudad E
283,Sede FOQcg,Ciudad C
284,Sede Principal,Ciudad E
285,Sede huisPXXYBr,Ciudad C
286,Sede Principal,Ciudad D
287,Sede Principal,Ciudad D
288,Sede Principal,
289,Sede Principal,Ciudad D
290,Sede LUYjje,
291,Sede Principal,Ciudad C
292,Sede Principal,Ciudad C
293,Sede fvLXD,Ciudad B
294,Sede Principal,Ciudad C
295,Sede qnIXH,Ciudad A
296,Sede Principal,Ciudad E
297,Sede Principal,
298,Sede AtkVRVPb,Ciudad C
299,Sede Principal,Ciudad E
300,Sede Principal,
301,Sede ophkp,Ciudad A
302,Sede Principal,
303,Sede Principal,Ciudad C
304,Sede Principal,Ciudad E
305,Sede Principal,Ciudad B
306,Sede vogG,Ciudad D
307,Sede UCCKln,Ciudad B
308,Sede Principal,Ciudad C
309,Sede Principal,Ciudad A
310,Sede Principal,Ciudad C
311,Sede Principal,Ciudad D
312,Sede FjshEZI,Ciudad D
313,Sede Principal,Ciudad E
314,Sede Principal,Ciudad C
315,Sede SSjhK,Ciudad B
316,Sede Principal,
317,Sede Principal,
318,Sede Principal,Ciudad D
319,Sede Principal,Ciudad C
320,Sede Principal,Ciudad B
321,Sede gHCXyShQJ,Ciudad B
322,Sede jxvMGkezX,Ciudad D
323,Sede kREQfsnm,Ciudad D
324,Sede Principal,Ciudad A
325,Sede Principal,
326,Sede Principal,Ciudad D
327,Sede Principal,Ciudad C
328,Sede Principal,Ciudad E
329,Sede Principal,Ciudad C
330,Sede FOwc,Ciudad C
331,Sede Principal,Ciudad B
332,Sede Principal,Ciudad E
333,Sede Principal,Ciudad D
334,Sede Principal,Ciudad C
335,Sede Principal,Ciudad E
336,Sede Principal,Ciudad D
337,Sede Principal,Ciudad A
338,Sede Principal,Ciudad D
339,Sede Principal,Ciudad D
340,Sede buicGg,Ciudad A
341,Sede Principal,Ciudad E
342,Sede Principal,Ciudad C
343,Sede Principal,Ciudad D
344,Sede Principal,Ciudad A
345,Sede Principal,Ciudad B
346,Sede Principal,Ciudad E
347,Sede LLstig,Ciudad E
348,Sede DRCMm,Ciudad C
349,Sede IYmcUWFAK,Ciudad E
350,Sede Principal,Ciudad C
351,Sede Principal,Ciudad E
352,Sede Principal,Ciudad D
353,Sede Principal,
354,Sede Principal,Ciudad D
355,Sede Principal,Ciudad D
356,Sede Principal,Ciudad B
357,Sede Principal,Ciudad E
358,Sede Principal,Ciudad C
359,Sede Principal,Ciudad C
360,Sede sObmcqV,Ciudad C
361,Sede Principal,
362,Sede Principal,Ciudad A
363,Sede xjWz,Ciudad C
364,Sede Principal,Ciudad C
365,Sede Principal,Ciudad E
366,Sede LjwDfH,Ciudad A
367,Sede Principal,Ciudad A
368,Sede Principal,Ciudad C
369,Sede bgaKmPV,Ciudad C
370,Sede lVwWvZ,Ciudad A
371,Sede Principal,Ciudad A
372,Sede Principal,Ciudad C
373,Sede Principal,Ciudad C
374,Sede xfDjuHyu,
375,Sede epyvm,Ciudad C
376,Sede Principal,
377,Sede jGMYzZioK,
378,Sede Principal,Ciudad D
379,Sede THgTGvjg,Ciudad C
380,Sede yxoonpvUVh,Ciudad D
381,Sede AH V,Ciudad D
382,Sede Principal,
383,Sede Principal,Ciudad A
384,Sede Principal,Ciudad D
385,Sede Principal,Ciudad A
386,Sede Principal,Ciudad B
387,Sede Principal,Ciudad A
388,Sede Principal,Ciudad E
389,Sede Principal,Ciudad A
390,Sede Principal,Ciudad E
391,Sede Principal,Ciudad E
392,Sede Principal,Ciudad D
393,Sede Principal,Ciudad C
394,Sede Principal,Ciudad D
395,Sede gdsyo,Ciudad B
396,Sede erPcYp,Ciudad A
397,Sede Principal,Ciudad D
398,Sede RyWrVLTR,Ciudad E
399,Sede Principal,Ciudad C
400,Sede EGSellL,
401,Sede Principal,Ciudad D
402,Sede Principal,Ciudad D
403,Sede OVRMMq,Ciudad B
404,Sede Principal,Ciudad D
405,Sede Principal,Ciudad E
406,Sede Principal,Ciudad C
407,Sede Principal,Ciudad A
408,Sede pkTqciEK,
409,Sede WrakKd,Ciudad D
410,Sede Principal,Ciudad B
411,Sede Principal,Ciudad B
412,Sede Principal,Ciudad A
413,Sede Principal,Ciudad C
414,Sede Principal,Ciudad E
415,Sede Principal,Ciudad D
416,Sede Principal,
417,Sede Principal,Ciudad C
418,Sede Principal,Ciudad E
419,Sede Principal,Ciudad E
420,Sede mIaftNXjAy,Ciudad B
421,Sede sfdGk,Ciudad D
422,Sede ZRPOw,Ciudad B
423,Sede Principal,Ciudad C
424,Sede Sgpznf,Ciudad D
425,Sede Principal,Ciudad B
426,Sede Principal,Ciudad D
427,Sede Principal,Ciudad C
428,Sede Principal,Ciudad E
429,Sede Principal,Ciudad B
430,Sede Principal,Ciudad D
431,Sede Principal,Ciudad D
432,Sede Principal,Ciudad B
433,Sede Principal,Ciudad E
434,Sede JyAQKT,Ciudad C
435,Sede kZZLXrt,Ciudad E
436,Sede Principal,Ciudad E
437,Sede Principal,Ciudad D
438,Sede Principal,
439,Sede Principal,Ciudad E
440,Sede Principal,Ciudad B
441,Sede Principal,Ciudad B
442,Sede Principal,Ciudad B
443,Sede Principal,Ciudad B
444,Sede Principal,Ciudad C
445,Sede Principal,Ciudad E
446,Sede btcKMquyH,Ciudad E
447,Sede Principal,Ciudad C
448,Sede ZNemEzVb,Ciudad A
449,Sede saRuxQD,
450,Sede Principal,Ciudad E
451,Sede VXZz SBW,Ciudad E
452,Sede Principal,Ciudad D
453,Sede dONSvOd,
454,Sede Principal,Ciudad A
455,Sede TykG,Ciudad C
456,Sede Principal,Ciudad D
457,Sede Principal,Ciudad A
458,Sede Principal,Ciudad E
459,Sede sculk,Ciudad E
460,Sede XVRuQVeCj,Ciudad C
461,Sede Principal,Ciudad B
462,Sede Principal,Ciudad A
463,Sede ogAtEBYXlF,Ciudad A
464,Sede NTtrFJw,Ciudad D
465,Sede Principal,Ciudad D
466,Sede Principal,Ciudad D
467,Sede Principal,Ciudad C
468,Sede Principal,Ciudad B
469,Sede rkAFFlja,Ciudad D
470,Sede Principal,Ciudad A
471,Sede zwfOHuVH,Ciudad A
472,Sede yoBCQaWGR,Ciudad C
473,Sede Principal,Ciudad A
474,Sede Principal,Ciudad D
475,Sede Principal,Ciudad A
476,Sede Principal,Ciudad D
477,Sede Principal,Ciudad A
478,Sede Principal,Ciudad D
479,Sede cgtu jX,Ciudad A
480,Sede Principal,Ciudad B
481,Sede Principal,Ciudad E
482,Sede Principal,Ciudad A
483,Sede Principal,
484,Sede Principal,Ciudad C
485,Sede Principal,Ciudad B
486,Sede Principal,Ciudad C
487,Sede Principal,Ciudad A
488,Sede UVoLRBsSJx,Ciudad D
489,Sede Principal,Ciudad E
490,Sede Principal,Ciudad C
491,Sede Principal,Ciudad C
492,Sede Principal,Ciudad D
493,Sede Principal,Ciudad E
494,Sede siTdgcLf s,Ciudad D
495,Sede pWRbQP,
496,Sede Principal,Ciudad C
497,Sede GpSqTtZtI,Ciudad D
498,Sede CQhk,Ciudad A
499,Sede Principal,Ciudad B
500,Sede Principal,
501,Sede Principal,Ciudad E
502,Sede Principal,Ciudad E
503,Sede ndlo,Ciudad D
504,Sede Principal,Ciudad C
505,Sede Principal,Ciudad A
506,Sede AOFAxHiB,Ciudad D
507,Sede pCpfqZSDG,Ciudad E
508,Sede Principal,Ciudad E
509,Sede Principal,Ciudad D
510,Sede Principal,Ciudad E
511,Sede Principal,Ciudad B
512,Sede cBADSk HlG,Ciudad D
513,Sede Principal,Ciudad E
514,Sede Principal,Ciudad B
515,Sede Principal,Ciudad C
516,Sede WMzTPvXuy,Ciudad C
517,Sede Principal,Ciudad E
518,Sede Principal,Ciudad E
519,Sede CKriH SS M,Ciudad B
520,Sede Principal,Ciudad A
521,Sede BtEvBHN,Ciudad C
522,Sede Principal,Ciudad B
523,Sede Principal,Ciudad D
524,Sede xNAJXm,Ciudad A
525,Sede Principal,Ciudad A
526,Sede Principal,Ciudad B
527,Sede Principal,Ciudad A
528,Sede Principal,Ciudad C
529,Sede Principal,Ciudad B
530,Sede Principal,Ciudad D
531,Sede Principal,Ciudad C
532,Sede Principal,Ciudad D
533,Sede WcebybQJE,Ciudad A
534,Sede Principal,Ciudad E
535,Sede Principal,Ciudad B
536,Sede Principal,Ciudad B
537,Sede Principal,Ciudad D
538,Sede Principal,
539,Sede Principal,
540,Sede Principal,Ciudad B
541,Sede Principal,Ciudad D
542,Sede TPgG,Ciudad A
543,Sede Principal,Ciudad E
544,Sede Principal,Ciudad E
545,Sede Principal,Ciudad A
546,Sede Principal,Ciudad C
547,Sede rtFImLJkab,Ciudad E
548,Sede Principal,Ciudad E
549,Sede Principal,Ciudad C
550,Sede Principal,Ciudad D
551,Sede Principal,Ciudad A
552,Sede Principal,Ciudad A
553,Sede Principal,Ciudad E
554,Sede Principal,
555,Sede Principal,Ciudad C
556,Sede CkhpyUMQNb,Ciudad C
557,Sede Principal,Ciudad C
558,Sede VHP wch,Ciudad B
559,Sede Principal,Ciudad E
560,Sede Principal,Ciudad B
561,Sede fEfuBpssWk,Ciudad B
562,Sede Principal,Ciudad B
563,Sede Principal,Ciudad E
564,Sede Principal,
565,Sede Principal,Ciudad A
566,Sede Principal,Ciudad B
567,Sede Principal,Ciudad C
568,Sede Principal,Ciudad C
569,Sede Principal,Ciudad C
570,Sede Principal,Ciudad D
571,Sede Principal,Ciudad C
572,Sede Principal,Ciudad E
573,Sede aNjFHlGtNN,Ciudad B
574,Sede Principal,Ciudad D
575,Sede Principal,Ciudad D
576,Sede Principal,Ciudad C
577,Sede Principal,Ciudad C
578,Sede QAbXxXNjJK,Ciudad C
579,Sede Principal,Ciudad B
580,Sede Principal,Ciudad A
581,Sede oFAiEuHGU,Ciudad B
582,Sede Principal,
583,Sede Principal,Ciudad A
584,Sede Principal,Ciudad A
585,Sede Principal,Ciudad D
586,Sede Principal,Ciudad C
587,Sede Principal,Ciudad B
588,Sede Principal,Ciudad B
589,Sede Principal,
590,Sede Principal,Ciudad C
591,Sede Principal,Ciudad D
592,Sede Principal,Ciudad B
593,Sede uYKi,Ciudad D
594,Sede cmdFtni,Ciudad C
595,Sede Principal,Ciudad E
596,Sede Principal,Ciudad C
597,Sede Principal,Ciudad C
598,Sede Principal,Ciudad A
599,Sede Principal,Ciudad E
600,Sede bYcN,Ciudad B
601,Sede Principal,Ciudad C
602,Sede Principal,
603,Sede mMlq,Ciudad B
604,Sede Principal,Ciudad E
605,Sede Principal,Ciudad B
606,Sede Principal,Ciudad A
607,Sede Principal,Ciudad C
608,Sede saGN P,Ciudad A
609,Sede YAvzOd,Ciudad A
610,Sede Principal,Ciudad E
611,Sede Principal,Ciudad B
612,Sede Principal,Ciudad E
613,Sede zBTa SLj,Ciudad C
614,Sede lqHTP,Ciudad A
615,Sede ivqc,
616,Sede Principal,Ciudad B
617,Sede Principal,
618,Sede Principal,Ciudad D
619,Sede Principal,Ciudad B
620,Sede qXFDuWhk,Ciudad D
621,Sede Principal,Ciudad A
622,Sede tPw Zaa,Ciudad E
623,Sede Principal,Ciudad E
624,Sede Principal,Ciudad B
625,Sede Principal,Ciudad E
626,Sede Principal,Ciudad C
627,Sede QhfWnfs,Ciudad E
628,Sede Principal,Ciudad D
629,Sede Principal,Ciudad B
630,Sede Principal,Ciudad B
631,Sede Principal,Ciudad E
632,Sede Principal,Ciudad A
633,Sede Principal,Ciudad E
634,Sede APjgnO,Ciudad D
635,Sede Principal,Ciudad E
636,Sede kmzPhZUE,Ciudad E
637,Sede Principal,Ciudad E
638,Sede Principal,Ciudad C
639,Sede Principal,Ciudad E
640,Sede Principal,Ciudad C
641,Sede Principal,Ciudad C
642,Sede x JQ,Ciudad E
643,Sede Principal,Ciudad C
644,Sede Nq r,Ciudad A
645,Sede Principal,
646,Sede Principal,Ciudad A
647,Sede Principal,Ciudad B
648,Sede pDBznT,Ciudad D
649,Sede Principal,Ciudad B
650,Sede WGaNgr,Ciudad C
651,Sede Principal,Ciudad B
652,Sede Principal,Ciudad A
653,Sede uVbFmQQrn,Ciudad E
654,Sede IOBW,Ciudad E
655,Sede eRSwerhBKM,Ciudad A
656,Sede Principal,Ciudad E
657,Sede iFjV,Ciudad D
658,Sede Principal,Ciudad A
659,Sede cNbpqqG,Ciudad E
660,Sede jgUyA,Ciudad D
661,Sede Principal,Ciudad B
662,Sede Principal,Ciudad C
663,Sede SatiFdxPUJ,Ciudad B
664,Sede rhYTfdMZa,Ciudad A
665,Sede Principal,Ciudad B
666,Sede Principal,Ciudad A
667,Sede Principal,Ciudad E
668,Sede E XN qix,Ciudad A
669,Sede bitng,Ciudad B
670,Sede Principal,Ciudad D
671,Sede Principal,Ciudad E
672,Sede Principal,Ciudad A
673,Sede NgIDFblWDX,Ciudad C
674,Sede Principal,Ciudad E
675,Sede Principal,Ciudad C
676,Sede JnMkzwd,Ciudad E
677,Sede Principal,
678,Sede xQVzsEFy,Ciudad D
679,Sede Principal,Ciudad B
680,Sede Principal,Ciudad B
681,Sede CmObpDvcnh,Ciudad E
682,Sede Principal,Ciudad B
683,Sede Principal,
684,Sede koAvu,Ciudad B
685,Sede Principal,Ciudad C
686,Sede Principal,
687,Sede Principal,
688,Sede leTwuoCYr,
689,Sede lsypQ,Ciudad B
690,Sede Principal,Ciudad A
691,Sede Principal,Ciudad E
692,Sede Principal,Ciudad A
693,Sede EcPoalUCM,
694,Sede Principal,Ciudad C
695,Sede Principal,Ciudad C
696,Sede Principal,Ciudad E
697,Sede Principal,Ciudad C
698,Sede UTbBtkLEUd,Ciudad C
699,Sede Principal,Ciudad B
700,Sede TUDevJZE,Ciudad C
701,Sede Principal,Ciudad A
702,Sede ntDIgTT,Ciudad D
703,Sede Principal,
704,Sede Principal,Ciudad C
705,Sede Principal,Ciudad B
706,Sede Principal,Ciudad E
707,Sede Principal,Ciudad B
708,Sede Principal,Ciudad D
709,Sede Principal,Ciudad D
710,Sede Principal,Ciudad D
711,Sede ie Zp,Ciudad E
712,Sede QldmTD,Ciudad B
713,Sede Principal,Ciudad C
714,Sede Principal,Ciudad D
715,Sede lDbl,Ciudad C
716,Sede Principal,Ciudad E
717,Sede Principal,Ciudad C
718,Sede RwVR,
719,Sede whQjpXpF,Ciudad E
720,Sede Principal,Ciudad A
721,Sede sUrwzst,Ciudad B
722,Sede JiZyiF,Ciudad C
723,Sede Principal,Ciudad A
724,Sede Principal,Ciudad C
725,Sede Principal,Ciudad A
726,Sede k XGof,Ciudad B
727,Sede xEZkMSvN,Ciudad D
728,Sede Principal,Ciudad C
729,Sede Principal,Ciudad C
730,Sede Principal,Ciudad D
731,Sede Principal,Ciudad B
732,Sede Principal,Ciudad A
733,Sede Principal,Ciudad E
734,Sede algzYsKamc,Ciudad D
735,Sede Principal,Ciudad B
736,Sede Principal,Ciudad D
737,Sede Principal,Ciudad A
738,Sede Principal,
739,Sede zxKdHbYhKp,Ciudad B
740,Sede Principal,Ciudad D
741,Sede Principal,Ciudad B
742,Sede HQUdsbAmo,Ciudad D
743,Sede Principal,Ciudad C
744,Sede Principal,Ciudad D
745,Sede Principal,Ciudad C
746,Sede Principal,Ciudad B
747,Sede Principal,Ciudad B
748,Sede Principal,Ciudad D
749,Sede Principal,
750,Sede Principal,
751,Sede Principal,Ciudad E
752,Sede Principal,Ciudad C
753,Sede Principal,Ciudad A
754,Sede Principal,Ciudad A
755,Sede ADilxt,Ciudad E
756,Sede Principal,Ciudad C
757,Sede Principal,Ciudad E
758,Sede Principal,Ciudad A
759,Sede Principal,Ciudad A
760,Sede fhjTiT,Ciudad C
761,Sede Principal,Ciudad D
762,Sede Principal,Ciudad C
763,Sede Principal,Ciudad A
764,Sede aLEVnr,Ciudad C
765,Sede Principal,Ciudad A
766,Sede yeHVoLqPa,Ciudad E
767,Sede Principal,Ciudad D
768,Sede Principal,Ciudad A
769,Sede Principal,Ciudad E
770,Sede ujqYrFD,Ciudad E
771,Sede Principal,Ciudad C
772,Sede Principal,Ciudad C
773,Sede Principal,Ciudad C
774,Sede Principal,Ciudad D
775,Sede Principal,Ciudad B
776,Sede Principal,Ciudad B
777,Sede Principal,Ciudad A
778,Sede vITBItFjl,Ciudad C
779,Sede NFZdPuAkuT,Ciudad E
780,Sede TQCHdNg,Ciudad E
781,Sede Principal,Ciudad C
782,Sede UimKyi cRJ,Ciudad E
783,Sede Principal,
784,Sede Principal,
785,Sede kWNAwhdQM,Ciudad D
786,Sede Principal,Ciudad E
787,Sede Principal,Ciudad D
788,Sede Principal,Ciudad C
789,Sede Principal,
790,Sede VZvlDvkgcO,Ciudad C
791,Sede vsgb,
792,Sede Principal,Ciudad E
793,Sede Principal,
794,Sede Principal,Ciudad A
795,Sede Principal,Ciudad A
796,Sede Principal,Ciudad E
797,Sede Principal,Ciudad E
798,Sede Principal,Ciudad C
799,Sede VoNA sLWEP,
800,Sede Principal,Ciudad A
801,Sede Principal,Ciudad D
802,Sede KqZUeBI,Ciudad A
803,Sede ZLVCmsAmZd,Ciudad B
804,Sede Principal,Ciudad C
805,Sede syofqI,Ciudad A
806,Sede Principal,Ciudad E
807,Sede Principal,Ciudad C
808,Sede Principal,Ciudad C
809,Sede Principal,Ciudad E
810,Sede yzbWOH NQ,Ciudad C
811,Sede Principal,Ciudad A
812,Sede Principal,Ciudad D
813,Sede Principal,Ciudad A
814,Sede kNRjLwuzEz,Ciudad C
815,Sede Principal,Ciudad C
816,Sede WdpsYRyAUg,Ciudad D
817,Sede Principal,Ciudad C
818,Sede dcoeib,Ciudad C
819,Sede Principal,Ciudad B
820,Sede yLlTO,Ciudad D
821,Sede Principal,Ciudad A
822,Sede MRnKHvn,Ciudad A
823,Sede Principal,Ciudad A
824,Sede RpPOqkO,Ciudad D
825,Sede OhAZ,Ciudad A
826,Sede Principal,Ciudad C
827,Sede Principal,Ciudad A
828,Sede Principal,Ciudad A
829,Sede Principal,Ciudad C
830,Sede Principal,Ciudad A
831,Sede Principal,Ciudad E
832,Sede Principal,Ciudad C
833,Sede CoapCfz,Ciudad B
834,Sede Principal,Ciudad A
835,Sede Principal,Ciudad E
836,Sede pfzsoTePra,
837,Sede Principal,Ciudad C
838,Sede Principal,
839,Sede Principal,Ciudad E
840,Sede lytAN,Ciudad D
841,Sede Principal,Ciudad C
842,Sede dzMv,
843,Sede mfHDJSy,Ciudad A
844,Sede Principal,Ciudad B
845,Sede Principal,Ciudad B
846,Sede Principal,Ciudad E
847,Sede jN QmhX,Ciudad D
848,Sede Principal,Ciudad B
849,Sede Principal,Ciudad D
850,Sede Principal,Ciudad C
851,Sede Principal,Ciudad D
852,Sede Principal,Ciudad A
853,Sede oPjg,Ciudad C
854,Sede RdqVnanvP,Ciudad A
855,Sede Principal,Ciudad B
856,Sede Principal,Ciudad C
857,Sede uQSMcUf,Ciudad A
858,Sede Principal,Ciudad C
859,Sede Principal,Ciudad B
860,Sede Principal,Ciudad B
861,Sede Principal,Ciudad D
862,Sede Principal,Ciudad B
863,Sede Principal,Ciudad C
864,Sede Principal,Ciudad E
865,Sede xVgjeAPlBi,Ciudad E
866,Sede Principal,Ciudad B
867,Sede vDNQshRnxv,Ciudad E
868,Sede Principal,Ciudad A
869,Sede Principal,Ciudad B
870,Sede Principal,Ciudad D
871,Sede Principal,Ciudad D
872,Sede Principal,Ciudad A
873,Sede Principal,Ciudad B
874,Sede Principal,Ciudad C
875,Sede Principal,Ciudad D
876,Sede Principal,
877,Sede Principal,Ciudad C
878,Sede FfSdj,Ciudad C
879,Sede Principal,Ciudad E
880,Sede MUXBdlL,Ciudad C
881,Sede Principal,Ciudad E
882,Sede Principal,
883,Sede Principal,Ciudad E
884,Sede Principal,Ciudad E
885,Sede Principal,Ciudad E
886,Sede Principal,Ciudad B
887,Sede Principal,Ciudad B
888,Sede qNPyAODPVp,Ciudad B
889,Sede Principal,Ciudad C
890,Sede Principal,Ciudad E
891,Sede Principal,Ciudad A
892,Sede Principal,Ciudad E
893,Sede Principal,Ciudad C
894,Sede Principal,Ciudad B
895,Sede vZFg,Ciudad B
896,Sede Principal,Ciudad D
897,Sede Principal,Ciudad E
898,Sede Principal,Ciudad E
899,Sede Principal,Ciudad D
900,Sede Principal,Ciudad A
901,Sede VquS,Ciudad D
902,Sede Principal,Ciudad C
903,Sede H sZ gWS,Ciudad B
904,Sede Principal,Ciudad E
905,Sede wycHt,Ciudad D
906,Sede Principal,Ciudad B
907,Sede Phkc,Ciudad E
908,Sede Principal,Ciudad A
909,Sede Principal,Ciudad D
910,Sede XpoLC,Ciudad C
911,Sede Principal,Ciudad E
912,Sede Principal,Ciudad B
913,Sede Principal,Ciudad D
914,Sede Principal,Ciudad D
915,Sede Principal,Ciudad B
916,Sede Principal,Ciudad E
917,Sede Principal,Ciudad D
918,Sede Principal,Ciudad C
919,Sede SNxWIcXrC,Ciudad A
920,Sede rckbvVZ,Ciudad C
921,Sede Principal,Ciudad E
922,Sede rMSl,Ciudad B
923,Sede Principal,Ciudad A
924,Sede Principal,Ciudad C
925,Sede Principal,Ciudad E
926,Sede Principal,Ciudad D
927,Sede Principal,Ciudad B
928,Sede isMhGNZ,Ciudad D
929,Sede ldT wq,Ciudad B
930,Sede Principal,Ciudad D
931,Sede Principal,Ciudad A
932,Sede Principal,
933,Sede Principal,
934,Sede Principal,Ciudad C
935,Sede Principal,Ciudad B
936,Sede Principal,Ciudad A
937,Sede LWhfPhD,Ciudad C
938,Sede Principal,
939,Sede BbWfMH,Ciudad C
940,Sede AGQYoFpJ,Ciudad B
941,Sede Principal,Ciudad C
942,Sede Principal,Ciudad D
943,Sede DdAmO,Ciudad B
944,Sede Principal,Ciudad A
945,Sede Principal,Ciudad D
946,Sede Principal,Ciudad E
947,Sede gDixuyv,Ciudad B
948,Sede Principal,Ciudad B
949,Sede LsikhpjCq,Ciudad A
950,Sede Principal,Ciudad B
951,Sede Principal,
952,Sede Principal,Ciudad A
953,Sede wXabmqF,
954,Sede Principal,Ciudad E
955,Sede Principal,
956,Sede Rnko,
957,Sede Principal,Ciudad A
958,Sede Principal,Ciudad B
959,Sede Principal,Ciudad A
960,Sede yzcGicoM,Ciudad E
961,Sede Principal,Ciudad D
962,Sede DWBkU,Ciudad D
963,Sede Principal,Ciudad B
964,Sede hoyvGnNbhK,Ciudad A
965,Sede Principal,Ciudad B
966,Sede Principal,Ciudad A
967,Sede Principal,Ciudad E
968,Sede Principal,Ciudad B
969,Sede nJOPfL,Ciudad A
970,Sede Principal,Ciudad B
971,Sede Principal,Ciudad B
972,Sede Principal,Ciudad C
973,Sede Principal,Ciudad A
974,Sede Principal,
975,Sede Principal,Ciudad C
976,Sede Principal,Ciudad E
977,Sede hFqoupR,Ciudad D
978,Sede Principal,Ciudad E
979,Sede Principal,Ciudad B
980,Sede Lhgv,Ciudad C
981,Sede CRGpmJRYWh,Ciudad B
982,Sede Principal,Ciudad C
983,Sede Principal,Ciudad D
984,Sede Principal,Ciudad E
985,Sede Principal,
986,Sede sYjIV,
987,Sede Principal,Ciudad D
988,Sede Principal,Ciudad C
989,Sede EaOTAl,Ciudad A
990,Sede QGZm,Ciudad E
991,Sede Principal,
992,Sede Principal,Ciudad D
993,Sede Principal,Ciudad E
994,Sede Principal,Ciudad D
995,Sede Principal,Ciudad C
996,Sede Principal,Ciudad B
997,Sede tvCfSisqTi,Ciudad D
998,Sede zWURddXp,Ciudad E
999,Sede fcdzdLzAPY,Ciudad A
1000,Sede Principal,
1001,Sede Principal,Ciudad E
1002,Sede TIAnfnbjzr,Ciudad D
1003,Sede Principal,
1004,Sede CMP dAp,Ciudad D
1005,Sede Principal,
1006,Sede Principal,Ciudad B
1007,Sede Principal,Ciudad A
1008,Sede Principal,Ciudad E
1009,Sede Principal,Ciudad B
1010,Sede Principal,Ciudad B
1011,Sede Principal,Ciudad D
1012,Sede Principal,
1013,Sede SJyCvEMG,Ciudad A
1014,Sede EURwarb,Ciudad B
1015,Sede gcHAuzmC,Ciudad D
1016,Sede Principal,Ciudad B
